INSERT INTO categories (id, name) VALUES
(1, 'A1'),
(2, 'A2'),
(3, 'A3'),
(4, 'B1'),
(5, 'B2'),
(6, 'C1'),
(7, 'C2'),
(8, 'D1'),
(9, 'D2');

INSERT INTO classes (id, name, description) VALUES
(1, '1ère Classe', '1ère Classe'),
(2, '2ème Classe', '2ème Classe'),
(3, 'Classe Principale', 'Classe Principale'),
(4, 'Classe Exceptionnelle', 'Classe Exceptionnelle');

INSERT INTO echelons (id, name, description, classe_id) VALUES
(1, 'E1', '', 1),
(2, 'E2', '', 1),
(3, 'E3', '', 1),
(4, 'E1', '', 2),
(5, 'E2', '', 2),
(6, 'E3', '', 2),
(7, 'E4', '', 2),
(8, 'E1', '', 4),
(9, 'E2', '', 4),
(10, 'E3', '', 4),
(11, 'E4', '', 4),
(12, 'E1', '', 3),
(13, 'E2', '', 3),
(14, 'E3', '', 3);

INSERT INTO diplomes (id, name) VALUES
(1, 'Analyste Programmeur (AP)'),
(2, 'Brevet d\'Aptitude Professionnel (BAP)'),
(3, 'Brevet Elémentaire (BE)'),
(4, 'Brevet Formation PROFES (BFP)'),
(5, 'Brevet de Technicien Supérieur (BTS)'),
(6, 'Brevet ENA Elémentaire'),
(7, 'CEP/FA Franco-Arabe'),
(8, 'CAPES');

INSERT INTO ecole_formations (id, name) VALUES
(1, 'ENAM'),
(2, 'ENS'),
(3, 'IAI'),
(4, 'UAM');

INSERT INTO equivalence_diplomes (name) VALUES
('BEPC'),
('BEPC + 1'),
('BEPC + 2'),
('BAC'),
('BAC + 1'),
('BAC + 2'),
('BAC + 3'),
('BAC + 4'),
('BAC + 5'),
('BAC + 6'),
('BAC + 7'),
('BAC + 8');


INSERT INTO maladies (id, name) VALUES
(1, 'Diabète'),
(2, 'Hypertension Artérielle');

INSERT INTO matrimoniales (id, name) VALUES
(1, 'Célibataire'),
(2, 'Marié(e)'),
(3, 'Divorcé(e)'),
(4, 'Veuf/Veuve');

INSERT INTO niveau_etudes (id, name) VALUES
(1, 'Primaire'),
(2, 'Moyen'),
(3, 'Secondaire'),
(4, 'Supérieur');

INSERT INTO users (name, password, role, created_at, updated_at) VALUES
('soul', '$2y$10$GPIX1QXCQq6cw2Zh6XKd/OOYTg9bzRlLEOWKsdJVdb0dQWnVuFUEW', 'Administrateur', NULL, NULL);


INSERT INTO cadres (abreviation, name) VALUES
('AD','ADMINIST.GENER.'),
('AG','AGRICULTURE'),
('CD','CADRE DIPLOMAT.CONS'),
('CN','CONTRIB.DIVERS.'),
('DO','DOM.ENREG.TIMB.'),
('DN','DOUANES'),
('EF','EAUX ET FORETS'),
('EL','ELEV.IND.ANIM.'),
('EN','ENSEIGN.PR.DEG.'),
('EN','ENSEIGN.SE.DEG.'),
('G.','GENIE RURAL'),
('GP','GARDE PRESIDENT'),
('GR','GARDE REPUBLIC.'),
('IN','INFORMATION'),
('JS','JEUNESSE SPORTS'),
('JU','JUSTICE'),
('MT','METEOROLOGIE'),
('NA','NAVIGAT.AERIEN.'),
('OR','ORTN'),
('PT','POSTE TELECOM.'),
('PR','PROMOT.HUMAINE'),
('SA','SANTE ACT.SOCI.'),
('SE','SECRETARIAT'),
('ST','STAT.ETUD.ECON.'),
('SU','SURETE NATION.'),
('TO','TOPOG.CADASTRE'),
('TS','TRAV.M.O.SEC.S.'),
('TP','TRAV.PUBL.MINES'),
('TR','TRESOR'),
('CC','CONV.COLL.INTER'),
('R.','REGLEMENT INTER'),
('CH','CHEF TRADITIONNEL'),
('CT','CONTRACTUEL');


INSERT INTO corps (abreviation, name, category_id) VALUES
('ING.PRL.','INGEN.PRINCIP.',1),
('ING.SAN.','INGEN.SANIT.',1),
('ING.TRAV','INGEN.DES TRAV.',2),
('ING.TECH','INGEN.DES TECHN',1),
('AUTRE CO','AUTRE CORPS',6),
('INSPECT.','INSPECTEUR',1),
('INSP.ADJ','INSPECTEUR ADJ.',2),
('INSP.CTR','INSPECT.CENTR.',1),
('INSP.PPL','INSPECT.PRINC.',1),
('INSP.POL','INSPECTEUR DE POLICE',2),
('INSTIT. ','INSTITUTEUR',4),
('INST.ADJ','INSTIT.ADJOINT',6),
('INSTR.PO','INSTR.EDUC.POPU.',3),
('INTERP. ','INTERPRETE',5),
('LIC.SOIN','LICENCIE SOINS',2),
('LIC.ACTS','LICENC.ACT.SOC.',2),
('MAIT.EPS','MAITRE E.P.S.',5),
('MEDECIN ','MEDECIN',1),
('MED.AST.','MEDECIN ASSIST.',2),
('MONITEUR','MONITEUR',8),
('MONIT.A.','MONITEUR ADJ.',9),
('OFF.POL.','OFFIC.POLICE',2),
('DACTYLO.','DACTYLOGRAPHE',8),
('TS EAUXF','TECH SUP EAUX FORETS',2);


INSERT INTO fonctions (name) VALUES
("REDACTEUR CHEF"),
("REDACTEUR ADJ."),
("REDACT. ARABE"),
("REPORTER"),
("REPORTER ADJ."),
("REPORTER PHOTO"),
("RESP.TRAV.COMM."),
("RONEOTYPISTE"),
("RELIEUR"),
("CF DPX"),
("SECR.GEN PREF."),
("S.G.ADJ.PREF."),
("SECR.GEN.MIN."),
("PREM.SECR. AMBASSADE"),
("DEUX.SECR. AMBASSADE"),
("SAGE-FEMME BREV"),
("SAGE-FEMME D.E."),
("SCENARISTE"),
("SECRETAIRE"),
("SECR. DIRECTION"),
("SECR.REDACTION"),
("SECR. STENODACT"),
("SOUS-PREFET"),
("STATISTICIEN"),
("STENODACTYLO"),
("SURVEILLANT"),
("SURVEILLANT GENERAL"),
("TECHNICIEN"),
("TECHN.ASSAINIS-"),
("TECHN.ACT.SOC."),
("TELEPHONISTE"),
("TOLIER-SOUDEUR"),
("VETERINAIRE"),
("DIRECT.ECOLE (1-3CL)"),
("DIRECT.ECOLE (4-6CL)"),
("DIRECT.ECOLE (+-6CL)"),
("CF DPX"),
("CF DPX"),
("CF DPX"),
("CF DPX"),
("CF DPX"),
("CF DPX"),
("REDACTEUR"),
("INTENDANT-ECONOME"),
("INSTITUTEUR"),
("INSTIT. ADJOINT"),
("INSTR.EDUC.POPU"),
("INTERPRETE"),
("JARDINIER"),
("JOURNALISTE"),
("LICENCIE SOINS"),
("LICENC.ACT.SOC."),
("LINGERE"),
("LYCEE T. CHEF TRAV."),
("MACON"),
("MAGASINIER"),
("MAGISTRAT"),
("MAITRE E.P.S."),
("MAITRE HOTEL"),
("MANOEUVRE"),
("MANUTENTION."),
("MAQUETTISTE"),
("MATRONE"),
("MEDECIN"),
("MEDECIN ASSIST."),
("MECANICIEN"),
("MENUISIER"),
("METT. EN SCENE"),
("MONITEUR"),
("MONITEUR ADJ."),
("MONTEUR FILM"),
("MEMB.GOUVERN."),
("CF DPX"),
("OFFIC. POLICE"),
("OPERATEUR"),
("OUVRIER"),
("PEINTRE"),
("PEPINIERISTE"),
("PERCEPTEUR"),
("PERFO/VERIF."),
("PHARMACIEN"),
("PHOTOGRAPHE"),
("PILEUSE"),
("PILOTE"),
("PIROGUIER"),
("PISTEUR"),
("PLANTON"),
("PLOMBIER"),
("PREFET"),
("PREMIER SECRET."),
("PRENEUR DE SON"),
("PREPOSE"),
("PROFESSEUR"),
("PROFESSEUR CEG"),
("PROGRAMMEUR"),
("PEDAGOGUE"),
("PROVISEUR LYCEE"),
("REALISATEUR"),
("INSPECTEUR 2ND DEGRE"),
("DIRECT.DE PRODU"),
("DIRECT.CENTRAL"),
("DIRECTEUR ECOLE PRIM"),
("DIRECTEUR CEG - CN."),
("DIRECTEUR ECOLE NORM"),
("DIRECTEUR LYCEE TECH"),
("DIRECTEUR DES ETUDES"),
("DOCUMENTALISTE"),
("DOMESTIQUE"),
("DOCTEUR"),
("DOCT.SC.SOC.APP"),
("ELECTRICIEN"),
("ELEVE-GARDE"),
("ENTRAINEUR"),
("ENQUET.DE PECHE"),
("FILLE DE SALLE"),
("FORGERON"),
("FRIGORISTE"),
("GARCON DE BUR."),
("GARCON DE SALLE"),
("GARDE"),
("GARDE FORESTIER"),
("GARDE FRONTIERE"),
("GARDIEN"),
("GARDIEN DE PAIX"),
("GENDARME"),
("GEOMETRE"),
("GEOMETRE ADJ."),
("GOUMIER"),
("GRAISSEUR"),
("GRAND CHANCEL."),
("GRAND REPORTER"),
("GREFFIER ADJ."),
("GREF.ATT.PARQ."),
("GEOLOGUE"),
("SOUS-SECR AFF.ETR."),
("SECRT.ADJ AFF.ETR."),
("HUISSIER"),
("INFIRMIER"),
("INFIRMIER D.E."),
("INGENIEUR"),
("INGEN.GEOMETRE"),
("INGEN.GEOM.ADJ"),
("INGEN.PRINCIP."),
("INGEN.SANIT."),
("INGEN. DES TRAV"),
("INGEN DES TECH"),
("INSPECTEUR"),
("INSPECT. ADJ."),
("INSPECT. CENTR."),
("INSPECT. CHEF"),
("INSPECT. POLICE"),
("INSPECT. PRINC."),
("INSPECT.D'ETAT"),
("INSPECTEUR 1ER DEGRE"),
("DIRECT.DE PHOTO"),
("BRIGADIER CHEF"),
("BRIGADIER POLIC"),
("BOULANGER"),
("CAPORAL"),
("CAPORAL CHEF"),
("CAMERAMAN"),
("CHAINEUR"),
("CHANCELIER"),
("CHARGE DE COURS"),
("CHARGE DE DIFFU"),
("CHAUFFEUR"),
("CHEF DE BUREAU"),
("CHEF DE CABINET"),
("CHEF D'EQUIPE"),
("CHEF DE DIVIS."),
("CHEF DE RUBRIQ."),
("CHEF RELAT.EXT."),
("CHEF DE SECTION"),
("CHEF DE CANTON"),
("CHEF DE VILLAGE"),
("CHEFDEPOSTE"),
("CHEF DE PROVINCE"),
("BUANDIER"),
("CINEASTE"),
("CINEMATHECAIRE"),
("COMMIS"),
("COMMISSAIRE"),
("CONDUCTEUR"),
("CONSEILLER AMBASSADE"),
("CONTROLEUR"),
("CONTROLEUR ADJ."),
("CONTR.DIVISION."),
("COMPTABLE"),
("CUISINIER"),
("CONSUL"),
("CHANCELIER"),
("COUTURIERE"),
("CONSEIL. FORESTIER"),
("CONSEILLER AGRICOLE"),
("CONSEILLER"),
("CHEF PROTOCOLE"),
("CENSEUR LYCEE"),
("DACTYLO"),
("DENTISTE"),
("DESSINATEUR"),
("DEVELOPPEUR"),
("DEVELOPPEUR ADJ"),
("DIRECTEUR"),
("DIRECT.ADJOINT"),
("DIRECT.ADMINIST"),
("DIRECT.ARTISTIQ"),
("DIRECT.DE CABIN"),
("DIRECT.DE CINEM"),
("DIRECT.DE LABOR"),
("DIRECT. M.J.C."),
("BRIGADIER"),
("ADJOINT ADMINIS"),
("ADJOINT TECHNIQ"),
("ADJOINT PREFET"),
("ADJ. SOUS-PREF."),
("ADJUDANT"),
("ADJUDANT-CHEF"),
("AGENT ADMINISTR"),
("AGENT ASSIETTE"),
("AGENT DE BUREAU"),
("AGENT DE DIFFUS"),
("AGENT ENCADREM."),
("AGENT EXECUTION"),
("AGENT CONSTAT."),
("AGENT HYGIENE"),
("AGENT INFORMAT."),
("AGENT MAITRISE"),
("AGENT METEO"),
("AGENT ORTN"),
("AGENT P.T.T."),
("AGENT DE POLICE"),
("AGENT DE RECOUV."),
("AGENT TECHNIQUE"),
("AIDE DESSINAT."),
("AIDE DEVELOPP."),
("AIDE DOCUMENT."),
("AIDE ECLAIRAG."),
("AIDE FILMOTHEC."),
("AIDE GEOMETRE"),
("AIDE OPERATEUR"),
("AIDE PHOTOTEC."),
("AIDE PROJECTION"),
("AIDE REDACTEUR"),
("CF DPX"),
("AIDE REPORTER"),
("AIDE TIREUR"),
("AIDE ASSIST.SOC."),
("CF DPX"),
("AMBASSADEUR"),
("ANALYSTE"),
("ARCHIVISTE"),
("ASSESSEUR"),
("ASSISTANT"),
("ASSIST. ADJOINT"),
("ASSIST. PROVIS."),
("ASSIST. REDACT."),
("ASSIST. REGISS."),
("ASSIST. REPORT."),
("ASSIST. SCRIPT"),
("ASSIST. SECRET."),
("CF DPX"),
("ATTACHE AMBASS."),
("ATTACHE PRESSE"),
("BERGER"),
("BIBLIOTHECAIRE"),
("BOURRELIER"),
("BOY");


INSERT INTO positions (name) VALUES
("EN ACTIVITE"),
("CONGE ANN.S.SOLDE"),
("CONGE PAYE ANNUEL"),
("DEMISSIONS"),
("STAGE PROFESSIONNEL"),
("STAGIAIRE"),
("DISPONIBILITE"),
("DETACHEMENT"),
("HORS CADRE"),
("SOUS LES DRAPEAUX"),
("RETRAITE"),
("SUSPENDU"),
("DECEDE"),
("CONGE DE MALADIE"),
("CONGE DE MATERNITE"),
("CONGE SANS SOLDE"),
("LICENCIE"),
("DEPART P.A.I.P.C.E."),
("CONGE LONGUE DUREE"),
("CONGE MALADIE SERVIC"),
("CONGE MALADI.ACT.DEV"),
("EN ATTENTE NOMINAT"),
("REVOQUE"),
("STATUT SPECIAL"),
("SUSPENDU DEMI-SALAIR"),
("ABANDON DE POSTE"),
("TRANSFERT AUX. COLL."),
("ERREUR DE SAISIE");


INSERT INTO indices(category_id,classe_id,echelon_id,name,value,salary)VALUES
(1,1,1,'A1C1E1',599,'208652'),
(1,1,2,'A1C1E2',641,'223282'),
(1,1,3,'A1C1E3',683,'237912'),
(2,1,1,'A2C1E1',473,'164762'),
(2,1,2,'A2C1E2',499,'173818'),
(2,1,3,'A2C1E3',525,'182875'),
(3,1,1,'A3C1E1',410,'142817'),
(3,1,2,'A3C1E2',436,'151873'),
(3,1,3,'A3C1E3',462,'160930'),
(4,1,1,'B1C1E1',362,'126097'),
(4,1,2,'B1C1E2',378,'131670'),
(4,1,3,'B1C1E3',394,'137243'),
(5,1,1,'B2C1E1',295,'102758'),
(5,1,2,'B2C1E2',310,'107983'),
(5,1,3,'B2C1E3',325,'113208'),
(6,1,1,'C1C1E1',259,'90218'),
(6,1,2,'C1C1E2',270,'94050'),
(6,1,3,'C1C1E3',281,'97882'),
(7,1,1,'C2C1E1',226,'78723'),
(7,1,2,'C2C1E2',237,'82555'),
(7,1,3,'C2C1E3',248,'86387'),
(8,1,1,'D1C1E1',193,'67228'),
(8,1,2,'D1C1E2',204,'71060'),
(8,1,3,'D1C1E3',215,'74892'),
(9,1,1,'D2C1E1',176,'61307'),
(9,1,2,'D2C1E2',187,'65138'),
(9,1,3,'D2C1E3',198,'68970'),
(1,2,4,'A1C2E1',394,'137243'),
(1,2,5,'A1C2E2',436,'151873'),
(1,2,6,'A1C2E3',478,'166503'),
(1,2,7,'A1C2E4',520,'181133'),
(2,2,4,'A2C2E1',315,'109725'),
(2,2,5,'A2C2E2',341,'118782'),
(2,2,6,'A2C2E3',368,'128187'),
(2,2,7,'A2C2E4',394,'137243'),
(3,2,4,'A3C2E1',289,'100668'),
(3,2,5,'A3C2E2',315,'109725'),
(3,2,6,'A3C2E3',341,'118782'),
(3,2,7,'A3C2E4',368,'128187'),
(4,2,4,'B1C2E1',270,'94050'),
(4,2,5,'B1C2E2',286,'99623'),
(4,2,6,'B1C2E3',302,'105197'),
(4,2,7,'B1C2E4',319,'111118'),
(5,2,4,'B2C2E1',238,'82903'),
(5,2,5,'B2C2E2',235,'81858'),
(5,2,6,'B2C2E3',250,'87083'),
(5,2,7,'B2C2E4',265,'92308'),
(6,2,4,'C1C2E1',193,'67228'),
(6,2,5,'C1C2E2',204,'71060'),
(6,2,6,'C1C2E3',215,'74892'),
(6,2,7,'C1C2E4',226,'78723'),
(7,2,4,'C2C2E1',165,'57475'),
(7,2,5,'C2C2E2',176,'61307'),
(7,2,6,'C2C2E3',187,'65138'),
(7,2,7,'C2C2E4',198,'68970'),
(8,2,4,'D1C2E1',132,'45980'),
(8,2,5,'D1C2E2',143,'49812'),
(8,2,6,'D1C2E3',154,'53643'),
(8,2,7,'D1C2E4',165,'57475'),
(9,2,4,'D2C2E1',121,'42148'),
(9,2,5,'D2C2E2',132,'45980'),
(9,2,6,'D2C2E3',143,'49812'),
(9,2,7,'D2C2E4',154,'53643'),
(1,4,8,'A1CEE1',924,'321860'),
(1,4,9,'A1CEE2',966,'336490'),
(1,4,10,'A1CEE3',1008,'351120'),
(1,4,11,'A1CEE4',1050,'365750'),
(2,4,8,'A2CEE1',735,'256025'),
(2,4,9,'A2CEE2',761,'265082'),
(2,4,10,'A2CEE3',788,'274487'),
(2,4,11,'A2CEE4',814,'283543'),
(3,4,8,'A3CEE1',599,'208652'),
(3,4,9,'A3CEE2',625,'217708'),
(3,4,10,'A3CEE3',651,'226765'),
(3,4,11,'A3CEE4',677,'235822'),
(4,4,8,'B1CEE1',513,'178695'),
(4,4,9,'B1CEE2',529,'184268'),
(4,4,10,'B1CEE3',545,'189842'),
(4,4,11,'B1CEE4',562,'195763'),
(5,4,8,'B2CEE1',415,'144558'),
(5,4,9,'B2CEE2',430,'149783'),
(5,4,10,'B2CEE3',445,'155008'),
(5,4,11,'B2CEE4',460,'160233'),
(6,4,8,'C1CEE1',369,'128535'),
(6,4,9,'C1CEE2',380,'132367'),
(6,4,10,'C1CEE3',391,'136198'),
(6,4,11,'C1CEE4',402,'140030'),
(7,4,8,'C2CEE1',325,'113208'),
(7,4,9,'C2CEE2',336,'117040'),
(7,4,10,'C2CEE3',347,'120872'),
(7,4,11,'C2CEE4',358,'124703'),
(8,4,8,'D1CEE1',292,'101713'),
(8,4,9,'D1CEE2',303,'105545'),
(8,4,10,'D1CEE3',314,'109377'),
(8,4,11,'D1CEE4',325,'113208'),
(9,4,8,'D2CEE1',264,'91960'),
(9,4,9,'D2CEE2',275,'95792'),
(9,4,10,'D2CEE3',286,'99623'),
(9,4,11,'D2CEE4',297,'103455'),
(1,3,12,'A1CPE1',761,'265082'),
(1,3,13,'A1CPE2',803,'279712'),
(1,3,14,'A1CPE3',845,'294342'),
(2,3,12,'A2CPE1',604,'210393'),
(2,3,13,'A2CPE2',630,'219450'),
(2,3,14,'A2CPE3',656,'228507'),
(3,3,12,'A3CPE1',504,'175560'),
(3,3,13,'A3CPE2',530,'184617'),
(3,3,14,'A3CPE3',557,'194022'),
(4,3,12,'B1CPE1',437,'152222'),
(4,3,13,'B1CPE2',454,'158143'),
(4,3,14,'B1CPE3',470,'163717'),
(5,3,12,'B2CPE1',355,'123658'),
(5,3,13,'B2CPE2',370,'128883'),
(5,3,14,'B2CPE3',385,'134108'),
(6,3,12,'C1CPE1',314,'109377'),
(6,3,13,'C1CPE2',325,'113208'),
(6,3,14,'C1CPE3',336,'117040'),
(7,3,12,'C2CPE1',275,'95792'),
(7,3,13,'C2CPE2',286,'99623'),
(7,3,14,'C2CPE3',297,'103455'),
(8,3,12,'D1CPE1',242,'84297'),
(8,3,13,'D1CPE2',253,'88128'),
(8,3,14,'D1CPE3',264,'91960'),
(9,3,12,'D2CPE1',220,'76633'),
(9,3,13,'D2CPE2',231,'80465'),
(9,3,14,'D2CPE3',242,'84297');

